"colony","whole.mean","mean.dose","round","treatment","replicate","id","emerge_time","wet_weight","dry_weight","alive?","radial","abdomen_dry","order_on_sheet","abdomen_post_ethyl","fat_content","relative_fat","workers_alive","alive","qro","duration"
"1.11R2",0.282950909090909,0,"2","1","11","1.11R2.1",38,0.0984,0.0327,1,NA,0.0137,"363",0.0104,0.0033,NA,5,TRUE,"B1",41
"1.11R2",0.282950909090909,0,"2","1","11","1.11R2.4",40,0.9905,0.0385,1,2.3626,0.0203,"381",0.0164,0.0039,0.0016,5,TRUE,"B1",41
"1.11R2",0.282950909090909,0,"2","1","11","1.11R2.2",39,1.0425,0.0376,1,2.4387,0.0203,"375",0.0179,0.0024,0.001,5,TRUE,"B1",41
"1.11R2",0.282950909090909,0,"2","1","11","1.11R2.3",39,1.0551,0.031,1,2.2389,0.0153,"376",0.0122,0.0032,0.0014,5,TRUE,"B1",41
"1.1R2",0.521345789473684,0,"2","1","1","1.1R2.5",40,1.2661,0.0311,1,2.197,0.0181,"250",0.0159,0.0022,0.001,5,TRUE,"B1",48
"1.1R2",0.521345789473684,0,"2","1","1","1.1R2.4",40,1.3041,0.0447,1,2.054,0.0223,"249",0.0181,0.0042,0.0021,5,TRUE,"B1",48
"1.1R2",0.521345789473684,0,"2","1","1","1.1R2.2",33,1.1046,0.0308,1,2.0962,0.0145,"30",0.0117,0.0028,0.0013,5,TRUE,"B1",48
"1.1R2",0.521345789473684,0,"2","1","1","1.1R2.1",33,1.0776,0.0326,1,2.1573,0.015,"29",0.0123,0.0027,0.0013,5,TRUE,"B1",48
"1.1R2",0.521345789473684,0,"2","1","1","1.1R2.3",40,1.1663,0.0498,1,2.6429,0.027,"248",0.0226,0.0044,0.0017,5,TRUE,"B1",48
"1.1R2",0.521345789473684,0,"2","1","1","1.1R2.6",40,1.1555,0.0326,1,2.538,0.0192,"251",0.0166,0.0026,0.001,5,TRUE,"B1",48
"1.2R2",0.33742,0,"2","1","2","1.2R2.12",54,1.1673,0.0429,1,2.5323,0.0218,"414",0.017,0.0048,0.0019,4,TRUE,"B5",28
"1.2R2",0.33742,0,"2","1","2","1.2R2.10",52,1.1527,0.05,1,2.5934,0.028,"412",0.0222,0.0057,0.0022,4,TRUE,"B5",28
"1.2R2",0.33742,0,"2","1","2","1.2R2.4",51,1.1399,0.0514,1,2.5691,0.0299,"406",0.0243,0.0056,0.0022,4,TRUE,"B5",28
"1.2R2",0.33742,0,"2","1","2","1.2R2.8",52,1.1662,0.0572,1,2.7953,0.0327,"410",0.0254,0.0073,0.0026,4,TRUE,"B5",28
"1.2R2",0.33742,0,"2","1","2","1.2R2.3",51,1.1458,0.0412,1,2.549,0.021,"405",0.0148,0.0062,0.0024,4,TRUE,"B5",28
"1.2R2",0.33742,0,"2","1","2","1.2R2.9",52,1.1374,0.0482,1,2.5705,0.0239,"411",0.0185,0.0054,0.0021,4,TRUE,"B5",28
"1.2R2",0.33742,0,"2","1","2","1.2R2.7",52,1.1755,0.0471,1,2.7342,0.0225,"409",0.0157,0.0068,0.0025,4,TRUE,"B5",28
"1.2R2",0.33742,0,"2","1","2","1.2R2.2",51,1.1553,0.0426,1,2.6151,0.0195,"404",0.0139,0.0057,0.0022,4,TRUE,"B5",28
"1.2R2",0.33742,0,"2","1","2","1.2R2.11",53,0.1349,0.0528,1,2.6399,0.0283,"413",0.0216,0.0067,0.0025,4,TRUE,"B5",28
"1.2R2",0.33742,0,"2","1","2","1.2R2.6",52,1.1703,0.0428,1,2.6616,0.02,"408",0.0145,0.0055,0.0021,4,TRUE,"B5",28
"1.2R2",0.33742,0,"2","1","2","1.2R2.1",51,1.0616,0.0422,1,2.3906,0.0256,"403",0.0216,0.0041,0.0017,4,TRUE,"B5",28
"1.2R2",0.33742,0,"2","1","2","1.2R2.5",52,1.15,0.0508,1,2.5562,0.0275,"407",0.0217,0.0058,0.0023,4,TRUE,"B5",28
"1.3R2",0.451289090909091,0,"2","1","3","1.3R2.2",39,0.1504,0.0514,1,2.3679,0.0272,"235",0.0226,0.0045,0.0019,5,TRUE,"B3",41
"1.3R2",0.451289090909091,0,"2","1","3","1.3R2.4",39,0.9799,0.0327,1,2.414,0.015,"237",0.0123,0.0027,0.0011,5,TRUE,"B3",41
"1.3R2",0.451289090909091,0,"2","1","3","1.3R2.5",40,1.0387,0.0264,1,2.5402,0.014,"262",0.0126,0.0013,5e-04,5,TRUE,"B3",41
"1.3R2",0.451289090909091,0,"2","1","3","1.3R2.6",40,1.1394,0.0454,1,2.6271,0.0248,"263",0.0186,0.0062,0.0024,5,TRUE,"B3",41
"1.3R2",0.451289090909091,0,"2","1","3","1.3R2.11",44,0.0472,0.0365,1,2.3256,0.0184,"329",0.0152,0.0032,0.0014,5,TRUE,"B3",41
"1.3R2",0.451289090909091,0,"2","1","3","1.3R2.10",44,0.0867,0.0374,1,2.4325,0.0197,"328",0.0163,0.0034,0.0014,5,TRUE,"B3",41
"1.3R2",0.451289090909091,0,"2","1","3","1.3R2.9",42,1.0649,0.0453,1,2.6484,0.0235,"299",0.019,0.0045,0.0017,5,TRUE,"B3",41
"1.3R2",0.451289090909091,0,"2","1","3","1.3R2.7",41,1.1091,0.0462,1,2.5562,0.0252,"279",0.0204,0.0048,0.0019,5,TRUE,"B3",41
"1.3R2",0.451289090909091,0,"2","1","3","1.3R2.8",41,1.1718,0.0381,1,2.5377,0.0197,"280",0.016,0.0037,0.0015,5,TRUE,"B3",41
"1.3R2",0.451289090909091,0,"2","1","3","1.3R2.1",38,0.1933,0.0368,1,2.1981,0.0212,"162",0.0195,0.0017,8e-04,5,TRUE,"B3",41
"1.3R2",0.451289090909091,0,"2","1","3","1.3R2.3",39,0.9902,0.0352,1,2.2669,0.0163,"236",0.0138,0.0025,0.0011,5,TRUE,"B3",41
"1.4R2",0.606301578947368,0,"2","1","4","1.4R2.11",37,0.1572,0.0432,1,2.4607,0.0207,"70",0.0164,0.0044,0.0018,1,TRUE,"B5",44
"1.4R2",0.606301578947368,0,"2","1","4","1.4R2.7",36,1.0959,0.0481,1,2.647,0.026,"52",0.0205,0.0055,0.0021,1,TRUE,"B5",44
"1.4R2",0.606301578947368,0,"2","1","4","1.4R2.6",36,1.0472,0.0389,1,2.4905,0.019,"51",0.016,0.003,0.0012,1,TRUE,"B5",44
"1.4R2",0.606301578947368,0,"2","1","4","1.4R2.10",37,1.2566,0.06,1,2.7486,0.0287,"69",0.0236,0.0051,0.0019,1,TRUE,"B5",44
"1.4R2",0.606301578947368,0,"2","1","4","1.4R2.13",38,1.0824,0.0344,1,2.5921,0.0169,"101",0.0163,5e-04,2e-04,1,TRUE,"B5",44
"1.4R2",0.606301578947368,0,"2","1","4","1.4R2.9",37,1.1553,0.0538,1,2.5295,0.0292,"68",0.0165,0.0127,0.005,1,TRUE,"B5",44
"1.4R2",0.606301578947368,0,"2","1","4","1.4R2.4",35,1.157,0.0352,1,2.4508,0.0147,"42",0.0116,0.0031,0.0013,1,TRUE,"B5",44
"1.4R2",0.606301578947368,0,"2","1","4","1.4R2.5",35,1.1708,0.0446,1,2.589,0.0209,"43",0.0159,0.005,0.0019,1,TRUE,"B5",44
"1.4R2",0.606301578947368,0,"2","1","4","1.4R2.16",40,1.1436,0.0403,1,2.5091,0.0192,"133",0.0115,0.0077,0.0031,1,TRUE,"B5",44
"1.4R2",0.606301578947368,0,"2","1","4","1.4R2.15",40,1.6117,0.038,1,2.6235,0.0157,"132",0.0143,0.0015,6e-04,1,TRUE,"B5",44
"1.4R2",0.606301578947368,0,"2","1","4","1.4R2.8",36,1.1389,0.0399,1,2.4804,0.0211,"53",0.018,0.0031,0.0013,1,TRUE,"B5",44
"1.4R2",0.606301578947368,0,"2","1","4","1.4R2.3",34,1.1624,0.0533,1,NA,0.0321,"17",NA,NA,NA,1,TRUE,"B5",44
"1.4R2",0.606301578947368,0,"2","1","4","1.4R2.1",33,1.158,0.0486,1,2.4522,0.0186,"1",NA,NA,NA,1,TRUE,"B5",44
"1.4R2",0.606301578947368,0,"2","1","4","1.4R2.2",34,1.2161,0.0542,1,NA,0.0249,"16",NA,NA,NA,1,TRUE,"B5",44
"1.4R2",0.606301578947368,0,"2","1","4","1.4R2.12",37,1.1416,0.0569,1,2.6637,0.0354,"71",0.0305,0.0049,0.0018,1,TRUE,"B5",44
"1.4R2",0.606301578947368,0,"2","1","4","1.4R2.14",38,1.0649,0.0358,1,2.3923,0.0197,"102",0.0158,0.0038,0.0016,1,TRUE,"B5",44
"1.5R2",0.707951578947368,0,"2","1","5","1.5R2.20",39,1.2669,0.0566,1,2.6322,0.03,"208",0.0195,0.0105,0.004,4,TRUE,"B4",37
"1.5R2",0.707951578947368,0,"2","1","5","1.5R2.7",34,0.1055,0.0409,1,2.3748,0.0211,"62",0.0112,0.01,0.0042,4,TRUE,"B4",37
"1.5R2",0.707951578947368,0,"2","1","5","1.5R2.4",34,1.1262,0.0609,1,2.3118,0.0405,"59",0.0242,0.0163,0.0071,4,TRUE,"B4",37
"1.5R2",0.707951578947368,0,"2","1","5","1.5R2.17",38,1.3074,0.0463,1,2.495,0.0224,"174",0.0182,0.0042,0.0017,4,TRUE,"B4",37
"1.5R2",0.707951578947368,0,"2","1","5","1.5R2.9",36,1.1604,0.0555,1,2.6851,0.0288,"112",0.0225,0.0063,0.0024,4,TRUE,"B4",37
"1.5R2",0.707951578947368,0,"2","1","5","1.5R2.2",33,1.173,0.0526,1,2.5023,0.013,"35",0.0094,0.0036,0.0015,4,TRUE,"B4",37
"1.5R2",0.707951578947368,0,"2","1","5","1.5R2.11",36,1.1373,0.0516,1,2.8056,0.0287,"114",0.0235,0.0052,0.0019,4,TRUE,"B4",37
"1.5R2",0.707951578947368,0,"2","1","5","1.5R2.5",34,1.1066,0.0385,1,2.4695,0.0192,"60",0.0119,0.0073,0.003,4,TRUE,"B4",37
"1.5R2",0.707951578947368,0,"2","1","5","1.5R2.10",36,1.1132,0.0494,1,2.7112,0.0254,"113",0.0207,0.0048,0.0018,4,TRUE,"B4",37
"1.5R2",0.707951578947368,0,"2","1","5","1.5R2.19",39,1.3165,0.0446,1,2.544,0.0187,"207",0.0151,0.0036,0.0014,4,TRUE,"B4",37
"1.5R2",0.707951578947368,0,"2","1","5","1.5R2.21",39,1.3001,0.0437,1,2.6976,0.0201,"209",0.0167,0.0034,0.0013,4,TRUE,"B4",37
"1.5R2",0.707951578947368,0,"2","1","5","1.5R2.12",38,1.2193,0.054,1,2.6673,0.0297,"169",0.023,0.0066,0.0025,4,TRUE,"B4",37
"1.5R2",0.707951578947368,0,"2","1","5","1.5R2.18",38,1.2106,0.0367,1,2.297,0.0188,"175",0.0134,0.0054,0.0023,4,TRUE,"B4",37
"1.5R2",0.707951578947368,0,"2","1","5","1.5R2.6",34,0.1798,0.0372,1,2.4985,0.016,"61",0.0161,-1e-04,NA,4,TRUE,"B4",37
"1.5R2",0.707951578947368,0,"2","1","5","1.5R2.8",36,1.0948,0.0469,1,2.5691,0.0228,"111",0.0182,0.0046,0.0018,4,TRUE,"B4",37
"1.5R2",0.707951578947368,0,"2","1","5","1.5R2.14",38,1.1732,0.0446,1,2.5979,0.0215,"171",0.0174,0.0041,0.0016,4,TRUE,"B4",37
"1.5R2",0.707951578947368,0,"2","1","5","1.5R2.15",38,1.3667,0.0387,1,2.5518,0.0173,"172",0.0128,0.0046,0.0018,4,TRUE,"B4",37
"1.5R2",0.707951578947368,0,"2","1","5","1.5R2.16",38,1.2035,0.0556,1,2.6182,0.0256,"173",0.0204,0.0052,0.002,4,TRUE,"B4",37
"1.5R2",0.707951578947368,0,"2","1","5","1.5R2.1",32,1.1763,0.0355,1,2.4525,0.0131,"21",NA,NA,NA,4,TRUE,"B4",37
"1.5R2",0.707951578947368,0,"2","1","5","1.5R2.22",39,1.2506,0.0575,1,2.3228,0.0306,"210",0.0226,0.008,0.0034,4,TRUE,"B4",37
"1.5R2",0.707951578947368,0,"2","1","5","1.5R2.13",38,1.3347,0.0585,1,2.5452,0.0383,"170",0.0344,0.0039,0.0015,4,TRUE,"B4",37
"1.7R2",0.740038052631579,0,"2","1","7","1.7R2.3",34,1.0752,0.0437,1,2.5545,0.0252,"63",0.0169,0.0083,0.0032,5,TRUE,"B1",37
"1.7R2",0.740038052631579,0,"2","1","7","1.7R2.8",39,1.0847,0.0475,1,2.4427,0.0255,"218",0.0215,0.004,0.0016,5,TRUE,"B1",37
"1.7R2",0.740038052631579,0,"2","1","7","1.7R2.2",32,1.1744,0.0537,1,2.4722,0.0274,"24",NA,NA,NA,5,TRUE,"B1",37
"1.7R2",0.740038052631579,0,"2","1","7","1.7R2.4",35,1.1505,0.0566,1,2.702,0.0325,"84",0.028,0.0045,0.0017,5,TRUE,"B1",37
"1.7R2",0.740038052631579,0,"2","1","7","1.7R2.9",39,1.0275,0.0377,1,2.6468,0.0164,"219",0.0124,0.0041,0.0015,5,TRUE,"B1",37
"1.7R2",0.740038052631579,0,"2","1","7","1.7R2.1",32,1.1575,0.0377,1,2.1917,0.018,"23",NA,NA,NA,5,TRUE,"B1",37
"1.7R2",0.740038052631579,0,"2","1","7","1.7R2.3",35,0.0924,0.0504,1,2.7287,0.0278,"83",0.0221,0.0057,0.0021,5,TRUE,"B1",37
"1.7R2",0.740038052631579,0,"2","1","7","1.7R2.10",39,1.2211,0.036,1,2.5257,0.0134,"220",0.0101,0.0033,0.0013,5,TRUE,"B1",37
"1.7R2",0.740038052631579,0,"2","1","7","1.7R2.6",38,1.2051,0.0495,1,2.4508,0.0243,"184",0.0172,0.0071,0.0029,5,TRUE,"B1",37
"1.7R2",0.740038052631579,0,"2","1","7","1.7R2.11",39,1.137,0.0427,1,2.7135,0.0214,"221",0.0174,0.0041,0.0015,5,TRUE,"B1",37
"1.7R2",0.740038052631579,0,"2","1","7","1.7R2.7",38,1.286,0.0449,1,2.3768,0.0197,"185",0.0107,0.009,0.0038,5,TRUE,"B1",37
"1.7R2",0.740038052631579,0,"2","1","7","1.7R2.5",36,1.208,0.0493,1,2.5877,0.0223,"121",0.0175,0.0048,0.0018,5,TRUE,"B1",37
"2.11R2",0.417827,35.9995816028,"2","2","11","2.11R2.5",37,0.078,0.0338,1,2.3387,0.018,"348",0.0145,0.0036,0.0015,5,TRUE,"B1",47
"2.11R2",0.417827,35.9995816028,"2","2","11","2.11R2.3",35,0.0795,0.0395,1,2.4046,0.0228,"323",0.0195,0.0033,0.0014,5,TRUE,"B1",47
"2.11R2",0.417827,35.9995816028,"2","2","11","2.11R2.1",35,0.1238,0.031,1,2.3067,0.0172,"321",0.0142,0.003,0.0013,5,TRUE,"B1",47
"2.11R2",0.417827,35.9995816028,"2","2","11","2.11R2.7",38,0.1242,0.0319,1,2.2951,0.018,"365",0.0145,0.0036,0.0016,5,TRUE,"B1",47
"2.11R2",0.417827,35.9995816028,"2","2","11","2.11R2.2",35,0.0972,0.0378,1,2.3646,0.021,"322",0.0176,0.0033,0.0014,5,TRUE,"B1",47
"2.11R2",0.417827,35.9995816028,"2","2","11","2.11R2.6",38,0.0799,0.0447,1,2.3349,0.0271,"364",0.0228,0.0044,0.0019,5,TRUE,"B1",47
"2.11R2",0.417827,35.9995816028,"2","2","11","2.11R2.9",41,0.1147,0.0348,1,2.4357,0.0174,"393",0.0139,0.0036,0.0015,5,TRUE,"B1",47
"2.11R2",0.417827,35.9995816028,"2","2","11","2.11R2.4",36,0.1243,0.0339,1,2.4352,0.0164,"338",0.0121,0.0043,0.0017,5,TRUE,"B1",47
"2.11R2",0.417827,35.9995816028,"2","2","11","2.11R2.8",40,1.1273,0.0428,1,2.7058,0.0212,"382",0.0167,0.0046,0.0017,5,TRUE,"B1",47
"2.12R2",0.40355680952381,35.6245293491905,"2","2","12","2.12R2.4",38,1.432,0.0461,1,2.7996,0.0225,"388",0.0155,0.007,0.0025,5,TRUE,"B1",44
"2.12R2",0.40355680952381,35.6245293491905,"2","2","12","2.12R2.3",37,1.2953,0.0431,1,2.5477,0.0204,"374",0.0146,0.0058,0.0023,5,TRUE,"B1",44
"2.12R2",0.40355680952381,35.6245293491905,"2","2","12","2.12R2.2",36,0.1409,0.0398,1,2.6673,0.0173,"370",0.0124,0.0049,0.0018,5,TRUE,"B1",44
"2.12R2",0.40355680952381,35.6245293491905,"2","2","12","2.12R2.5",41,1.1755,0.0481,1,2.6761,0.0273,"402",0.0202,0.0071,0.0027,5,TRUE,"B1",44
"2.12R2",0.40355680952381,35.6245293491905,"2","2","12","2.12R2.1",36,1.0227,0.0566,1,2.5691,0.0373,"369",0.0327,0.0046,0.0018,5,TRUE,"B1",44
"2.1R2",0.610158947368421,55.1336832774211,"2","2","1","2.1R2.7",40,1.0538,0.0329,1,2.5518,0.0117,"147",NA,NA,NA,5,TRUE,"B1",46
"2.1R2",0.610158947368421,55.1336832774211,"2","2","1","2.1R2.9",41,1.2313,0.0363,1,2.5911,0.0178,"226",0.0138,0.004,0.0015,5,TRUE,"B1",46
"2.1R2",0.610158947368421,55.1336832774211,"2","2","1","2.1R2.3",37,1.0543,0.0395,1,2.4397,0.0203,"65",0.0155,0.0048,0.0019,5,TRUE,"B1",46
"2.1R2",0.610158947368421,55.1336832774211,"2","2","1","2.1R2.11",42,1.2331,0.0422,1,2.5017,0.0218,"246",0.0172,0.0046,0.0018,5,TRUE,"B1",46
"2.1R2",0.610158947368421,55.1336832774211,"2","2","1","2.1R2.8",40,1.2932,0.0526,1,2.4179,0.0274,"156",0.0223,0.0051,0.0021,5,TRUE,"B1",46
"2.1R2",0.610158947368421,55.1336832774211,"2","2","1","2.1R2.1",35,1.1337,0.0359,1,2.5789,0.0177,"31",0.0143,0.0034,0.0013,5,TRUE,"B1",46
"2.1R2",0.610158947368421,55.1336832774211,"2","2","1","2.1R2.4",40,1.1497,0.0581,1,2.8903,0.03,"144",0.0197,0.0103,0.0036,5,TRUE,"B1",46
"2.1R2",0.610158947368421,55.1336832774211,"2","2","1","2.1R2.5",40,1.2158,0.0475,1,2.776,0.0224,"145",0.0153,0.0071,0.0026,5,TRUE,"B1",46
"2.1R2",0.610158947368421,55.1336832774211,"2","2","1","2.1R2.6",40,1.1777,0.0382,1,2.4396,0.018,"146",0.0124,0.0055,0.0023,5,TRUE,"B1",46
"2.1R2",0.610158947368421,55.1336832774211,"2","2","1","2.1R2.10",42,0.9986,0.0322,1,2.4439,0.017,"245",0.0143,0.0027,0.0011,5,TRUE,"B1",46
"2.1R2",0.610158947368421,55.1336832774211,"2","2","1","2.1R2.2",37,1.1017,0.0401,1,2.559,0.0222,"64",0.021,0.0013,5e-04,5,TRUE,"B1",46
"2.2R2",0.510923434782609,47.6517420684783,"2","2","2","2.2R2.18",46,1.0425,0.0368,1,2.3949,0.0205,"383",0.0171,0.0034,0.0014,2,TRUE,"B5",55
"2.2R2",0.510923434782609,47.6517420684783,"2","2","2","2.2R2.14",43,0.1337,0.039,1,2.4145,0.0209,"341",0.0164,0.0046,0.0019,2,TRUE,"B5",55
"2.2R2",0.510923434782609,47.6517420684783,"2","2","2","2.2R2.5",41,0.1779,0.0554,1,2.7595,0.0329,"303",0.027,0.0058,0.0021,2,TRUE,"B5",55
"2.2R2",0.510923434782609,47.6517420684783,"2","2","2","2.2R2.8",42,0.1743,0.0499,1,2.6216,0.0293,"331",0.0247,0.0047,0.0018,2,TRUE,"B5",55
"2.2R2",0.510923434782609,47.6517420684783,"2","2","2","2.2R2.15",43,0.1385,0.0319,1,2.2815,0.0154,"342",0.0116,0.0039,0.0017,2,TRUE,"B5",55
"2.2R2",0.510923434782609,47.6517420684783,"2","2","2","2.2R2.2",41,0.0969,0.0434,1,2.4942,0.0234,"300",0.0177,0.0056,0.0023,2,TRUE,"B5",55
"2.2R2",0.510923434782609,47.6517420684783,"2","2","2","2.2R2.117",44,0.1751,0.0524,1,2.6223,0.0294,"354",0.0237,0.0057,0.0022,2,TRUE,"B5",55
"2.2R2",0.510923434782609,47.6517420684783,"2","2","2","2.2R2.6",41,0.096,0.0414,1,2.6213,0.0214,"304",0.0162,0.0051,0.002,2,TRUE,"B5",55
"2.2R2",0.510923434782609,47.6517420684783,"2","2","2","2.2R2.13",42,0.1186,0.0659,1,2.5341,0.0449,"336",0.0403,0.0047,0.0018,2,TRUE,"B5",55
"2.2R2",0.510923434782609,47.6517420684783,"2","2","2","2.2R2.7",41,0.0919,0.042,1,2.4983,0.0215,"305",0.0173,0.0042,0.0017,2,TRUE,"B5",55
"2.2R2",0.510923434782609,47.6517420684783,"2","2","2","2.2R2.4",41,0.0869,0.0355,1,2.2582,0.0208,"302",0.0182,0.0026,0.0012,2,TRUE,"B5",55
"2.2R2",0.510923434782609,47.6517420684783,"2","2","2","2.2R2.1",40,1.0833,0.0472,1,2.5866,0.0228,"294",0.0185,0.0043,0.0017,2,TRUE,"B5",55
"2.2R2",0.510923434782609,47.6517420684783,"2","2","2","2.2R2.19",47,1.1551,0.032,1,2.4612,0.0146,"392",0.0107,0.004,0.0016,2,TRUE,"B5",55
"2.2R2",0.510923434782609,47.6517420684783,"2","2","2","2.2R2.10",42,0.213,0.034,1,2.563,0.0151,"333",0.0104,0.0047,0.0018,2,TRUE,"B5",55
"2.2R2",0.510923434782609,47.6517420684783,"2","2","2","2.2R2.12",42,0.2,0.047,1,2.5304,0.0284,"335",0.0234,0.005,0.002,2,TRUE,"B5",55
"2.2R2",0.510923434782609,47.6517420684783,"2","2","2","2.2R2.9",42,0.1146,0.0395,1,2.4285,0.022,"332",0.0184,0.0036,0.0015,2,TRUE,"B5",55
"2.2R2",0.510923434782609,47.6517420684783,"2","2","2","2.2R2.3",41,0.1124,0.0427,1,2.832,0.0199,"301",0.0127,0.0072,0.0025,2,TRUE,"B5",55
"2.2R2",0.510923434782609,47.6517420684783,"2","2","2","2.2R2.16",44,0.1746,0.0356,1,2.4145,0.0178,"353",0.0125,0.0053,0.0022,2,TRUE,"B5",55
"2.2R2",0.510923434782609,47.6517420684783,"2","2","2","2.2R2.11",42,0.1016,0.0337,1,2.1692,0.0186,"334",0.0157,0.0029,0.0013,2,TRUE,"B5",55
"2.3R2",0.328003631578947,24.2967594436842,"2","2","3","2.3R2.4",37,1.073,0.0259,1,2.495,0.0108,"239",0.0084,0.0024,0.001,5,TRUE,"B3",41
"2.3R2",0.328003631578947,24.2967594436842,"2","2","3","2.3R2.6",42,0.0485,0.0364,1,2.2881,0.0213,"324",0.0184,0.0028,0.0012,5,TRUE,"B3",41
"2.3R2",0.328003631578947,24.2967594436842,"2","2","3","2.3R2.2",36,1.33,0.0336,1,2.2122,0.0158,"163",0.0138,0.002,9e-04,5,TRUE,"B3",41
"2.3R2",0.328003631578947,24.2967594436842,"2","2","3","2.3R2.1",35,1.1726,0.0541,1,2.4918,0.0309,"124",0.0251,0.0058,0.0023,5,TRUE,"B3",41
"2.3R2",0.328003631578947,24.2967594436842,"2","2","3","2.3R2.5",41,0.063,0.0219,0,2.3129,0.0092,"308",0.0082,0.001,4e-04,5,FALSE,"B3",41
"2.3R2",0.328003631578947,24.2967594436842,"2","2","3","2.3R2.3",37,0.1213,0.0344,1,2.1915,0.0169,"238",0.013,0.0039,0.0018,5,TRUE,"B3",41
"2.5R2",0.7194915,73.776958739,"2","2","5","2.5R2.8",41,0.0593,0.0348,1,2.2053,0.0196,"310",0.0169,0.0028,0.0013,4,TRUE,"B4",40
"2.5R2",0.7194915,73.776958739,"2","2","5","2.5R2.3",38,0.1709,0.0362,1,2.5161,0.0176,"255",0.0144,0.0032,0.0013,4,TRUE,"B4",40
"2.5R2",0.7194915,73.776958739,"2","2","5","2.5R2.1",34,1.193,0.0395,1,2.5884,0.0191,"115",0.0157,0.0034,0.0013,4,TRUE,"B4",40
"2.5R2",0.7194915,73.776958739,"2","2","5","2.5R2.11",41,0.1623,0.0483,1,2.4345,0.0264,"313",0.0209,0.0055,0.0023,4,TRUE,"B4",40
"2.5R2",0.7194915,73.776958739,"2","2","5","2.5R2.2",34,1.2021,0.0431,1,2.7174,0.0215,"116",0.0158,0.0057,0.0021,4,TRUE,"B4",40
"2.5R2",0.7194915,73.776958739,"2","2","5","2.5R2.10",41,0.2228,0.0404,1,2.3297,0.0234,"312",0.0202,0.0032,0.0014,4,TRUE,"B4",40
"2.5R2",0.7194915,73.776958739,"2","2","5","2.5R2.9",41,0.2003,0.0602,1,2.5654,0.0375,"311",0.0284,0.0091,0.0035,4,TRUE,"B4",40
"2.5R2",0.7194915,73.776958739,"2","2","5","2.5R2.4",38,1.3433,0.0404,1,2.4093,0.0197,"256",0.0166,0.0032,0.0013,4,TRUE,"B4",40
"2.5R2",0.7194915,73.776958739,"2","2","5","2.5R2.7",41,0.1562,0.0404,1,2.5011,0.0211,"309",0.0161,0.0049,0.002,4,TRUE,"B4",40
"2.5R2",0.7194915,73.776958739,"2","2","5","2.5R2.5",38,1.2279,0.043,1,2.6265,0.0229,"257",0.0199,0.003,0.0011,4,TRUE,"B4",40
"2.5R2",0.7194915,73.776958739,"2","2","5","2.5R2.6",40,1.1923,0.0464,1,2.6325,0.0261,"288",0.0222,0.0039,0.0015,4,TRUE,"B4",40
"2.7R2",0.5299685,46.4585063945,"2","2","7","2.7R2.5",42,1.1027,0.0373,1,2.3129,0.0208,"289",0.0173,0.0035,0.0015,5,TRUE,"B1",45
"2.7R2",0.5299685,46.4585063945,"2","2","7","2.7R2.2",40,0.1364,0.0293,1,2.4598,0.0159,"265",0.0133,0.0026,0.0011,5,TRUE,"B1",45
"2.7R2",0.5299685,46.4585063945,"2","2","7","2.7R2.3",41,1.156,0.0403,1,2.4647,0.0221,"281",0.0176,0.0045,0.0018,5,TRUE,"B1",45
"2.7R2",0.5299685,46.4585063945,"2","2","7","2.7R2.4",41,1.1492,0.0341,1,2.3363,0.0191,"282",0.0163,0.0028,0.0012,5,TRUE,"B1",45
"2.7R2",0.5299685,46.4585063945,"2","2","7","2.7R2.1",35,1.164,0.035,1,2.6551,0.0128,"89",0.0095,0.0033,0.0012,5,TRUE,"B1",45
"2.9R2",0.58571519047619,52.4961752090476,"2","2","9","2.9R2.3",38,1.1031,0.0299,1,2.2582,0.0156,"292",0.0127,0.0028,0.0013,5,TRUE,"B1",46
"2.9R2",0.58571519047619,52.4961752090476,"2","2","9","2.9R2.4",38,1.1273,0.0412,1,2.5071,0.0204,"293",0.0158,0.0046,0.0018,5,TRUE,"B1",46
"2.9R2",0.58571519047619,52.4961752090476,"2","2","9","2.9R2.7",39,0.1459,0.0335,1,2.2029,0.0199,"317",0.0162,0.0037,0.0017,5,TRUE,"B1",46
"2.9R2",0.58571519047619,52.4961752090476,"2","2","9","2.9R2.5",41,0.1285,0.0332,1,2.3049,0.0168,"346",0.0127,0.0041,0.0018,5,TRUE,"B1",46
"2.9R2",0.58571519047619,52.4961752090476,"2","2","9","2.9R2.1",37,1.1081,0.0315,1,1.9708,0.0189,"284",0.0169,0.002,0.001,5,TRUE,"B1",46
"2.9R2",0.58571519047619,52.4961752090476,"2","2","9","2.9R2.9",39,0.0784,0.0319,1,2.2057,0.0185,"319",0.016,0.0025,0.0011,5,TRUE,"B1",46
"2.9R2",0.58571519047619,52.4961752090476,"2","2","9","2.9R2.2",37,1.1008,0.0334,1,2.2271,0.0191,"285",0.0169,0.0022,0.001,5,TRUE,"B1",46
"2.9R2",0.58571519047619,52.4961752090476,"2","2","9","2.9R2.8",39,0.083,0.0255,1,2.2436,0.0123,"318",0.0092,0.0031,0.0014,5,TRUE,"B1",46
"2.9R2",0.58571519047619,52.4961752090476,"2","2","9","2.9R2.5",39,0.1049,0.031,1,2.2046,0.0184,"315",0.0156,0.0027,0.0012,5,TRUE,"B1",46
"2.9R2",0.58571519047619,52.4961752090476,"2","2","9","2.9R2.6",39,0.101,0.0302,1,2.0532,0.0189,"316",0.0155,0.0034,0.0017,5,TRUE,"B1",46
"3.11R2",0.421640952380952,357.657792488095,"2","3","11","3.11R2.1",38,0.0456,0.0347,1,2.3178,0.0192,"366",0.0167,0.0025,0.0011,4,TRUE,"B1",39
"3.12R2",0.339099259259259,281.218025604444,"2","3","12","3.12R2.1",40,1.0708,0.0269,0,1.875,0.012,"401",0.0101,0.0019,0.001,5,FALSE,"B1",39
"3.12R2",0.339099259259259,281.218025604444,"2","3","12","3.12R2.2",34,1.05635,0.05582,NA,2.555662,0.01082,"419",0.00909,0.00173,0.000676928,5,NA,"B1",39
"3.1R2",0.371194782608696,307.886057877826,"2","3","1","3.1R2.1",41,1.3041,0.0366,1,2.6292,0.0135,"227",0.0098,0.0037,0.0014,5,TRUE,"B1",35
"3.1R2",0.371194782608696,307.886057877826,"2","3","1","3.1R2.2",46,0.137,0.0342,1,2.3284,0.0174,"330",0.0134,0.004,0.0017,5,TRUE,"B1",35
"3.1R2",0.371194782608696,307.886057877826,"2","3","1","3.1R2.3",48,0.1368,0.0381,1,2.2053,0.0209,"352",0.0174,0.0036,0.0016,5,TRUE,"B1",35
"3.2R2",0.346101,310.282866195,"2","3","2","3.2R2.6",39,1.1144,0.0339,1,2.5055,0.0176,"278",0.0154,0.0022,9e-04,5,TRUE,"B5",48
"3.2R2",0.346101,310.282866195,"2","3","2","3.2R2.7",40,1.1288,0.0343,1,2.257,0.0179,"295",0.0134,0.0045,0.002,5,TRUE,"B5",48
"3.2R2",0.346101,310.282866195,"2","3","2","3.2R2.4",39,1.1378,0.0378,1,2.4662,0.0205,"276",0.0171,0.0034,0.0014,5,TRUE,"B5",48
"3.2R2",0.346101,310.282866195,"2","3","2","3.2R2.3",39,1.1278,0.0409,1,3.1542,0.0231,"275",0.0195,0.0036,0.0011,5,TRUE,"B5",48
"3.2R2",0.346101,310.282866195,"2","3","2","3.2R2.2",38,1.1972,0.0446,1,2.1804,0.0266,"261",0.0232,0.0035,0.0016,5,TRUE,"B5",48
"3.2R2",0.346101,310.282866195,"2","3","2","3.2R2.5",39,1.1233,0.0316,1,2.4086,0.0158,"277",0.0139,0.002,8e-04,5,TRUE,"B5",48
"3.2R2",0.346101,310.282866195,"2","3","2","3.2R2.1",37,1.0118,0.0373,1,2.778,0.0169,"233",0.0126,0.0043,0.0015,5,TRUE,"B5",48
"3.3R2",0.846580555555556,919.098230283333,"2","3","3","3.3R2.7",35,1.2095,0.0462,1,2.499,0.0258,"75",0.0218,0.0039,0.0016,5,TRUE,"B3",62
"3.3R2",0.846580555555556,919.098230283333,"2","3","3","3.3R2.10",38,1.0675,0.038,1,2.4308,0.0178,"128",0.0143,0.0035,0.0014,5,TRUE,"B3",62
"3.3R2",0.846580555555556,919.098230283333,"2","3","3","3.3R2.6",35,1.0551,0.0215,1,2.1622,0.0095,"74",0.0088,7e-04,3e-04,5,TRUE,"B3",62
"3.3R2",0.846580555555556,919.098230283333,"2","3","3","3.3R2.8",36,1.1716,0.0427,1,2.5557,0.0211,"96",0.0174,0.0037,0.0014,5,TRUE,"B3",62
"3.3R2",0.846580555555556,919.098230283333,"2","3","3","3.3R2.3",31,1.1953,0.0297,1,2.2313,0.0155,"4",NA,NA,NA,5,TRUE,"B3",62
"3.3R2",0.846580555555556,919.098230283333,"2","3","3","3.3R2.2",31,1.138,0.0826,1,2.0436,0.0203,"3",NA,NA,NA,5,TRUE,"B3",62
"3.3R2",0.846580555555556,919.098230283333,"2","3","3","3.3R2.5",35,0.1151,0.0404,1,2.0228,0.0186,"73",0.0158,0.0028,0.0014,5,TRUE,"B3",62
"3.3R2",0.846580555555556,919.098230283333,"2","3","3","3.3R2.4",35,0.0276,0.037,1,2.4909,0.0182,"72",0.0147,0.0035,0.0014,5,TRUE,"B3",62
"3.3R2",0.846580555555556,919.098230283333,"2","3","3","3.3R2.9",38,1.2441,0.0442,1,2.5039,0.0222,"127",0.0166,0.0056,0.0022,5,TRUE,"B3",62
"3.3R2",0.846580555555556,919.098230283333,"2","3","3","3.3R2.1",31,1.1652,0.0362,1,2.3211,0.0255,"2",NA,NA,NA,5,TRUE,"B3",62
"3.4R2",0.412043333333333,406.208749928095,"2","3","4","3.4R2.4",40,1.1583,0.0203,1,1.7169,0.01,"125",0.0084,0.0016,9e-04,3,TRUE,"B5",38
"3.4R2",0.412043333333333,406.208749928095,"2","3","4","3.4R2.2",38,1.1143,0.044,1,2.6113,0.0205,"103",0.0131,0.0074,0.0028,3,TRUE,"B5",38
"3.4R2",0.412043333333333,406.208749928095,"2","3","4","3.4R2.5",40,1.1868,0.043,1,2.483,0.0238,"126",0.0202,0.0036,0.0014,3,TRUE,"B5",38
"3.4R2",0.412043333333333,406.208749928095,"2","3","4","3.4R2.1",36,1.1923,0.0184,1,2.7708,0.0158,"54",0.0144,0.0014,5e-04,3,TRUE,"B5",38
"3.4R2",0.412043333333333,406.208749928095,"2","3","4","3.4R2.6",42,1.2369,0.043,1,2.2755,0.0234,"264",0.0198,0.0037,0.0016,3,TRUE,"B5",38
"3.4R2",0.412043333333333,406.208749928095,"2","3","4","3.4R2.3",38,1.1791,0.0597,1,2.7886,0.0367,"104",0.0319,0.0048,0.0017,3,TRUE,"B5",38
"3.4R2",0.412043333333333,406.208749928095,"2","3","4","3.4R2.7",43,1.1223,0.0295,1,2.4377,0.0123,"287",0.0087,0.0036,0.0015,3,TRUE,"B5",38
"3.5R2",0.890621052631579,969.896903836842,"2","3","5","3.5R2.6",36,1.1641,0.0483,1,2.3829,0.0294,"119",0.0256,0.0038,0.0016,4,TRUE,"B4",58
"3.5R2",0.890621052631579,969.896903836842,"2","3","5","3.5R2.11",39,1.221,0.0411,1,2.0718,0.0217,"213",0.0174,0.0043,0.0021,4,TRUE,"B4",58
"3.5R2",0.890621052631579,969.896903836842,"2","3","5","3.5R2.5",36,1.1062,0.0318,1,2.3473,0.017,"118",0.0143,0.0026,0.0011,4,TRUE,"B4",58
"3.5R2",0.890621052631579,969.896903836842,"2","3","5","3.5R2.7",38,0.1622,0.0445,1,2.4289,0.021,"176",0.0173,0.0038,0.0016,4,TRUE,"B4",58
"3.5R2",0.890621052631579,969.896903836842,"2","3","5","3.5R2.3",35,1.1057,0.0312,1,2.3353,0.0145,"79",0.012,0.0025,0.0011,4,TRUE,"B4",58
"3.5R2",0.890621052631579,969.896903836842,"2","3","5","3.5R2.12",39,1.0327,0.0223,1,2.6188,0.011,"214",0.0098,0.0012,4e-04,4,TRUE,"B4",58
"3.5R2",0.890621052631579,969.896903836842,"2","3","5","3.5R2.9",39,1.2264,0.0368,1,2.1758,0.0155,"211",0.0133,0.0022,0.001,4,TRUE,"B4",58
"3.5R2",0.890621052631579,969.896903836842,"2","3","5","3.5R2.13",40,1.3256,0.0494,1,2.2238,0.0277,"252",0.0246,0.0031,0.0014,4,TRUE,"B4",58
"3.5R2",0.890621052631579,969.896903836842,"2","3","5","3.5R2.14",40,1.1424,0.0326,1,1.8659,0.0167,"253",0.0143,0.0025,0.0013,4,TRUE,"B4",58
"3.5R2",0.890621052631579,969.896903836842,"2","3","5","3.5R2.1",33,1.0839,0.0348,1,2.1368,0.0187,"36",0.0136,0.0051,0.0024,4,TRUE,"B4",58
"3.5R2",0.890621052631579,969.896903836842,"2","3","5","3.5R2.4",36,1.1119,0.0252,1,2.1591,0.0134,"117",0.0119,0.0014,7e-04,4,TRUE,"B4",58
"3.5R2",0.890621052631579,969.896903836842,"2","3","5","3.5R2.8",38,1.1293,0.047,1,2.6343,0.0243,"177",0.0167,0.0077,0.0029,4,TRUE,"B4",58
"3.5R2",0.890621052631579,969.896903836842,"2","3","5","3.5R2.10",39,1.3265,0.0403,1,2.4174,0.0206,"212",0.0168,0.0038,0.0016,4,TRUE,"B4",58
"3.5R2",0.890621052631579,969.896903836842,"2","3","5","3.5R2.15",40,1.0194,0.0205,1,2.4581,0.0129,"254",0.0124,5e-04,2e-04,4,TRUE,"B4",58
"3.5R2",0.890621052631579,969.896903836842,"2","3","5","3.5R2.2",33,1.1237,0.0457,1,2.4724,0.0268,"37",0.0233,0.0036,0.0014,4,TRUE,"B4",58
"3.7R2",0.626667954545455,720.478110604545,"2","3","7","3.7R2.6",44,0.0861,0.0353,1,2.285,0.0195,"359",0.0167,0.0028,0.0012,5,TRUE,"B1",20
"3.7R2",0.626667954545455,720.478110604545,"2","3","7","3.7R2.4",44,0.081,0.0339,1,2.4759,0.0168,"357",0.0139,0.003,0.0012,5,TRUE,"B1",20
"3.7R2",0.626667954545455,720.478110604545,"2","3","7","3.7R2.8",44,0.0894,0.0217,1,1.8869,0.0115,"361",0.0103,0.0011,6e-04,5,TRUE,"B1",20
"3.7R2",0.626667954545455,720.478110604545,"2","3","7","3.7R2.2",41,0.1411,0.0358,1,NA,0.0177,"314",0.0158,0.0019,NA,5,TRUE,"B1",20
"3.7R2",0.626667954545455,720.478110604545,"2","3","7","3.7R2.3",42,0.0811,0.02,1,NA,0.012,"337",0.0111,9e-04,NA,5,TRUE,"B1",20
"3.7R2",0.626667954545455,720.478110604545,"2","3","7","3.7R2.1",40,1.1585,0.0403,1,2.3616,0.0222,"290",0.0189,0.0033,0.0014,5,TRUE,"B1",20
"3.7R2",0.626667954545455,720.478110604545,"2","3","7","3.7R2.7",44,0.2411,0.0503,1,2.5145,0.0293,"360",0.0246,0.0046,0.0018,5,TRUE,"B1",20
"3.7R2",0.626667954545455,720.478110604545,"2","3","7","3.7R2.18",47,1.0776,0.0378,1,2.2972,0.0229,"391",0.0197,0.0032,0.0014,5,TRUE,"B1",20
"3.7R2",0.626667954545455,720.478110604545,"2","3","7","3.7R2.12",46,0.1071,0.0393,1,2.4385,0.0201,"384",0.0135,0.0067,0.0027,5,TRUE,"B1",20
"3.7R2",0.626667954545455,720.478110604545,"2","3","7","3.7R2.17",47,1.1679,0.0318,1,2.4544,0.0162,"390",0.0115,0.0047,0.0019,5,TRUE,"B1",20
"3.7R2",0.626667954545455,720.478110604545,"2","3","7","3.7R2.3",36,1.234,0.024,1,1.9396,0.0116,"186",0.0101,0.0014,7e-04,5,TRUE,"B1",20
"3.7R2",0.626667954545455,720.478110604545,"2","3","7","3.7R2.16",47,1.0942,0.0424,1,2.5455,0.0234,"389",0.0188,0.0046,0.0018,5,TRUE,"B1",20
"3.7R2",0.626667954545455,720.478110604545,"2","3","7","3.7R2.11",45,1.0348,0.0387,1,2.3873,0.0203,"373",0.0159,0.0044,0.0018,5,TRUE,"B1",20
"3.7R2",0.626667954545455,720.478110604545,"2","3","7","3.7R2.10",45,0.1216,0.0385,1,2.4265,0.0202,"372",0.0139,0.0063,0.0026,5,TRUE,"B1",20
"3.7R2",0.626667954545455,720.478110604545,"2","3","7","3.7R2.13",46,1.0211,0.032,1,2.3508,0.0157,"385",0.0128,0.0029,0.0012,5,TRUE,"B1",20
"3.7R2",0.626667954545455,720.478110604545,"2","3","7","3.7R2.5",44,0.1069,0.0377,1,2.4541,0.0195,"358",0.0155,0.004,0.0016,5,TRUE,"B1",20
"3.7R2",0.626667954545455,720.478110604545,"2","3","7","3.7R2.14",46,1.1967,0.0476,1,2.3567,0.0287,"386",0.0242,0.0044,0.0019,5,TRUE,"B1",20
"3.7R2",0.626667954545455,720.478110604545,"2","3","7","3.7R2.15",46,1.1622,0.0293,1,2.4478,0.0144,"387",0.0119,0.0025,0.001,5,TRUE,"B1",20
"3.7R2",0.626667954545455,720.478110604545,"2","3","7","3.7R2.9",44,0.1401,0.0346,1,2.3267,0.0163,"362",0.0123,0.004,0.0017,5,TRUE,"B1",20
"3.9R2",0.440951052631579,417.988485603158,"2","3","9","3.9R2.2",41,1.1597,0.024,1,NA,0.0143,"371",0.0127,0.0016,NA,4,TRUE,"B1",44
"3.9R2",0.440951052631579,417.988485603158,"2","3","9","3.9R2.1",34,0.1382,0.0308,1,2.4256,0.0173,"260",0.0154,0.002,8e-04,4,TRUE,"B1",44
"4.11R2",0.345601111111111,3697.92253194444,"2","4","11","4.11R2.2",34,NA,0.0397,1,2.2881,0.0228,"417",0.0188,0.004,0.0018,5,TRUE,"B1",42
"4.11R2",0.345601111111111,3697.92253194444,"2","4","11","4.11R2.3",36,0.1183,0.0415,1,2.3954,0.0217,"340",0.0172,0.0045,0.0019,5,TRUE,"B1",42
"4.11R2",0.345601111111111,3697.92253194444,"2","4","11","4.11R2.4",39,1.0283,0.0393,1,2.5604,0.0198,"379",0.016,0.0038,0.0015,5,TRUE,"B1",42
"4.11R2",0.345601111111111,3697.92253194444,"2","4","11","4.11R2.1",33,1.0877,0.0465,1,NA,0.0244,"286",0.02,0.0044,NA,5,TRUE,"B1",42
"4.12R2",0.249629473684211,2085.61693573684,"2","4","12","4.12R2.2",46,0.9968,0.0166,1,1.8948,0.0067,"415",NA,NA,NA,4,TRUE,"B1",42
"4.12R2",0.249629473684211,2085.61693573684,"2","4","12","4.12R2.1",39,1.1527,0.0506,1,2.5522,0.0321,"399",0.03,0.0021,8e-04,4,TRUE,"B1",42
"4.1R2",0.7074755,8936.6582306,"2","4","1","4.1R2.1",35,1.1432,0.0433,1,2.447,0.0229,"32",0.0186,0.0043,0.0017,5,TRUE,"B1",41
"4.1R2",0.7074755,8936.6582306,"2","4","1","4.1R2.3",36,1.1438,0.0406,1,2.5325,0.0214,"46",0.0168,0.0046,0.0018,5,TRUE,"B1",41
"4.1R2",0.7074755,8936.6582306,"2","4","1","4.1R2.2",36,1.1932,0.0561,1,2.478,0.0318,"45",0.0242,0.0077,0.0031,5,TRUE,"B1",41
"4.1R2",0.7074755,8936.6582306,"2","4","1","4.1R2.13",40,1.1068,0.0377,1,2.3459,0.0196,"149",0.0164,0.0032,0.0014,5,TRUE,"B1",41
"4.1R2",0.7074755,8936.6582306,"2","4","1","4.1R2.16",41,1.0238,0.0387,1,2.4826,0.0175,"229",0.014,0.0035,0.0014,5,TRUE,"B1",41
"4.1R2",0.7074755,8936.6582306,"2","4","1","4.1R2.15",41,1.3271,0.042,1,2.4983,0.0187,"228",0.0144,0.0043,0.0017,5,TRUE,"B1",41
"4.1R2",0.7074755,8936.6582306,"2","4","1","4.1R2.11",38,1.0858,0.0364,1,2.433,0.0172,"93",0.0141,0.0031,0.0013,5,TRUE,"B1",41
"4.1R2",0.7074755,8936.6582306,"2","4","1","4.1R2.8",38,1.1501,0.0302,1,2.2579,0.0143,"90",0.0112,0.003,0.0013,5,TRUE,"B1",41
"4.1R2",0.7074755,8936.6582306,"2","4","1","4.1R2.14",40,1.2455,0.0247,1,2.0878,0.0133,"150",0.0109,0.0024,0.0012,5,TRUE,"B1",41
"4.1R2",0.7074755,8936.6582306,"2","4","1","4.1R2.6",37,1.0835,0.0428,1,2.4654,0.0207,"66",0.016,0.0047,0.0019,5,TRUE,"B1",41
"4.1R2",0.7074755,8936.6582306,"2","4","1","4.1R2.5",36,1.1556,0.0504,1,2.4294,0.0279,"48",0.0141,0.0137,0.0057,4,TRUE,"B1",41
"4.1R2",0.7074755,8936.6582306,"2","4","1","4.1R2.17",41,1.1703,0.0386,1,2.4501,0.0184,"230",0.013,0.0054,0.0022,5,TRUE,"B1",41
"4.1R2",0.7074755,8936.6582306,"2","4","1","4.1R2.7",37,1.1203,0.0411,1,2.9495,0.0196,"67",0.0165,0.0031,0.0011,5,TRUE,"B1",41
"4.1R2",0.7074755,8936.6582306,"2","4","1","4.1R2.19",42,1.1313,0.0317,1,2.338,0.0153,"244",0.0112,0.0041,0.0017,5,TRUE,"B1",41
"4.1R2",0.7074755,8936.6582306,"2","4","1","4.1R2.10",38,1.1532,0.0462,1,2.6081,0.024,"92",0.0197,0.0043,0.0016,5,TRUE,"B1",41
"4.1R2",0.7074755,8936.6582306,"2","4","1","4.1R2.4",36,1.0813,0.0515,1,2.6651,0.0273,"47",0.021,0.0063,0.0024,5,TRUE,"B1",41
"4.1R2",0.7074755,8936.6582306,"2","4","1","4.1R2.18",41,1.4312,0.0395,1,2.5759,0.0166,"231",0.0127,0.0039,0.0015,5,TRUE,"B1",41
"4.1R2",0.7074755,8936.6582306,"2","4","1","4.1R2.9",38,1.1336,0.0447,1,2.6218,0.0207,"91",0.0124,0.0083,0.0032,5,TRUE,"B1",41
"4.1R2",0.7074755,8936.6582306,"2","4","1","4.1R2.12",40,1.0986,0.0374,1,2.4365,0.0185,"148",0.0154,0.0031,0.0013,5,TRUE,"B1",41
"4.2R2",0.38717425,4380.6048375,"2","4","2","4.2R2.6",36,0.1198,0.0306,1,2.0514,0.0151,"160",0.013,0.0021,0.001,3,TRUE,"B5",40
"4.2R2",0.38717425,4380.6048375,"2","4","2","4.2R2.7",36,1.2307,0.0376,1,2.3569,0.0197,"161",0.0167,0.003,0.0013,3,TRUE,"B5",40
"4.2R2",0.38717425,4380.6048375,"2","4","2","4.2R2.9",38,1.0973,0.0482,1,2.556,0.0273,"258",0.0234,0.0039,0.0015,3,TRUE,"B5",40
"4.2R2",0.38717425,4380.6048375,"2","4","2","4.2R2.4",36,0.1919,0.0461,1,2.4652,0.0235,"158",0.0181,0.0053,0.0022,3,TRUE,"B5",40
"4.2R2",0.38717425,4380.6048375,"2","4","2","4.2R2.8",37,1.228,0.0582,1,2.5759,0.0323,"234",0.0268,0.0055,0.0021,3,TRUE,"B5",40
"4.2R2",0.38717425,4380.6048375,"2","4","2","4.2R2.11",41,0.1589,0.0485,1,2.62,0.0264,"306",0.0225,0.0039,0.0015,3,TRUE,"B5",40
"4.2R2",0.38717425,4380.6048375,"2","4","2","4.2R2.3",36,1.1335,0.0348,1,2.2794,0.018,"157",0.0145,0.0035,0.0015,3,TRUE,"B5",40
"4.2R2",0.38717425,4380.6048375,"2","4","2","4.2R2.10",40,1.1416,0.0441,1,2.6665,0.0215,"298",0.0172,0.0043,0.0016,3,TRUE,"B5",40
"4.2R2",0.38717425,4380.6048375,"2","4","2","4.2R2.5",36,1.3252,0.0298,1,2.0462,0.0152,"159",0.014,0.0012,6e-04,3,TRUE,"B5",40
"4.2R2",0.38717425,4380.6048375,"2","4","2","4.2R2.2",34,1.122,0.0415,1,2.8395,0.0174,"95",0.0133,0.0041,0.0014,3,TRUE,"B5",40
"4.2R2",0.38717425,4380.6048375,"2","4","2","4.2R2.12",41,1.169,0.0507,1,2.775,0.0261,"307",0.0223,0.0038,0.0014,3,TRUE,"B5",40
"4.2R2",0.38717425,4380.6048375,"2","4","2","4.2R2.1",34,1.2051,0.0563,1,2.7695,0.031,"94",0.0254,0.0056,0.002,3,TRUE,"B5",40
"4.3R2",0.580007368421053,6846.91059836842,"2","4","3","4.3R2.8",36,1.1844,0.0425,1,2.6297,0.0219,"50",0.0175,0.0043,0.0016,5,TRUE,"B3",40
"4.3R2",0.580007368421053,6846.91059836842,"2","4","3","4.3R2.4",33,1.1133,0.0449,1,2.2778,0.0227,"8",NA,NA,NA,5,TRUE,"B3",40
"4.3R2",0.580007368421053,6846.91059836842,"2","4","3","4.3R2.5",34,1.1897,0.0442,1,2.3356,0.0202,"15",NA,NA,NA,5,TRUE,"B3",40
"4.3R2",0.580007368421053,6846.91059836842,"2","4","3","4.3R2.16",40,1.0848,0.0364,1,2.5059,0.0156,"130",0.0128,0.0028,0.0011,5,TRUE,"B3",40
"4.3R2",0.580007368421053,6846.91059836842,"2","4","3","4.3R2.6",35,1.0893,0.0429,1,2.5778,0.0189,"33",0.0151,0.0038,0.0015,5,TRUE,"B3",40
"4.3R2",0.580007368421053,6846.91059836842,"2","4","3","4.3R2.17",40,1.1348,0.0423,1,2.6591,0.0212,"131",0.0167,0.0045,0.0017,5,TRUE,"B3",40
"4.3R2",0.580007368421053,6846.91059836842,"2","4","3","4.3R2.1",33,1.1655,0.0429,1,2.3051,0.0226,"5",NA,NA,NA,5,TRUE,"B3",40
"4.3R2",0.580007368421053,6846.91059836842,"2","4","3","4.3R2.3",33,1.0628,0.0369,1,2.1584,0.0189,"7",NA,NA,NA,5,TRUE,"B3",40
"4.3R2",0.580007368421053,6846.91059836842,"2","4","3","4.3R2.13",38,1.1248,0.036,1,2.6238,0.0152,"98",0.0119,0.0032,0.0012,5,TRUE,"B3",40
"4.3R2",0.580007368421053,6846.91059836842,"2","4","3","4.3R2.14",38,1.2063,0.0388,1,2.5895,0.0175,"100",0.0136,0.0039,0.0015,5,TRUE,"B3",40
"4.3R2",0.580007368421053,6846.91059836842,"2","4","3","4.3R2.10",37,1.1803,0.0491,1,2.7167,0.025,"77",0.0207,0.0044,0.0016,5,TRUE,"B3",40
"4.3R2",0.580007368421053,6846.91059836842,"2","4","3","4.3R2.11",38,1.1734,0.0392,1,2.5886,0.0179,"97",0.0138,0.0041,0.0016,5,TRUE,"B3",40
"4.3R2",0.580007368421053,6846.91059836842,"2","4","3","4.3R2.2",33,1.1459,0.0323,1,1.932,0.0128,"6",NA,NA,NA,5,TRUE,"B3",40
"4.3R2",0.580007368421053,6846.91059836842,"2","4","3","4.3R2.7",36,1.1123,0.046,1,2.6408,0.0238,"49",0.0195,0.0043,0.0016,5,TRUE,"B3",40
"4.3R2",0.580007368421053,6846.91059836842,"2","4","3","4.3R2.12",38,1.0999,0.0422,1,2.7368,0.0186,"99",0.0147,0.0039,0.0014,5,TRUE,"B3",40
"4.3R2",0.580007368421053,6846.91059836842,"2","4","3","4.3R2.9",37,1.1714,0.0422,1,2.5621,0.0196,"76",0.0154,0.0042,0.0016,5,TRUE,"B3",40
"4.3R2",0.580007368421053,6846.91059836842,"2","4","3","4.3R2.15",40,1.1588,0.0414,1,2.5306,0.0202,"129",0.0151,0.0052,0.002,5,TRUE,"B3",40
"4.4R2",0.835624736842105,10230.8023761053,"2","4","4","4.4R2.22",40,1.0938,0.0445,1,2.5266,0.0234,"138",0.0191,0.0043,0.0017,5,TRUE,"B5",46
"4.4R2",0.835624736842105,10230.8023761053,"2","4","4","4.4R2.27",40,1.0976,0.0562,1,2.8301,0.0307,"143",0.0237,0.0071,0.0025,5,TRUE,"B5",46
"4.4R2",0.835624736842105,10230.8023761053,"2","4","4","4.4R2.14",38,1.113,0.0302,1,2.5875,0.0132,"105",0.0106,0.0026,0.001,5,TRUE,"B5",46
"4.4R2",0.835624736842105,10230.8023761053,"2","4","4","4.4R2.12",36,1.1241,0.0341,1,2.2515,0.0176,"55",0.0128,0.0048,0.0021,5,TRUE,"B5",46
"4.4R2",0.835624736842105,10230.8023761053,"2","4","4","4.4R2.9",34,1.1725,0.0388,1,2.37,0.0194,"20",NA,NA,NA,5,TRUE,"B5",46
"4.4R2",0.835624736842105,10230.8023761053,"2","4","4","4.4R2.10",35,1.1358,0.0473,1,2.3941,0.026,"34",0.0194,0.0066,0.0028,5,TRUE,"B5",46
"4.4R2",0.835624736842105,10230.8023761053,"2","4","4","4.4R2.8",34,1.1675,0.0504,1,NA,0.0275,"19",NA,NA,NA,5,TRUE,"B5",46
"4.4R2",0.835624736842105,10230.8023761053,"2","4","4","4.4R2.1",33,1.1522,0.0435,1,2.3155,0.0202,"9",NA,NA,NA,5,TRUE,"B5",46
"4.4R2",0.835624736842105,10230.8023761053,"2","4","4","4.4R2.18",40,1.1661,0.0488,1,2.6647,0.0251,"134",0.0211,0.0041,0.0015,5,TRUE,"B5",46
"4.4R2",0.835624736842105,10230.8023761053,"2","4","4","4.4R2.4",33,1.14,0.0407,1,2.377,0.022,"12",NA,NA,NA,5,TRUE,"B5",46
"4.4R2",0.835624736842105,10230.8023761053,"2","4","4","4.4R2.23",40,1.1231,0.0338,1,2.3687,0.0156,"139",0.0118,0.0039,0.0016,5,TRUE,"B5",46
"4.4R2",0.835624736842105,10230.8023761053,"2","4","4","4.4R2.20",40,1.0535,0.0559,1,3.0593,0.0285,"136",0.0239,0.0046,0.0015,5,TRUE,"B5",46
"4.4R2",0.835624736842105,10230.8023761053,"2","4","4","4.4R2.2",33,1.1438,0.0515,1,2.4122,0.0295,"10",NA,NA,NA,5,TRUE,"B5",46
"4.4R2",0.835624736842105,10230.8023761053,"2","4","4","4.4R2.17",38,1.0551,0.026,1,2.2932,0.0122,"108",0.0112,0.001,4e-04,5,TRUE,"B5",46
"4.4R2",0.835624736842105,10230.8023761053,"2","4","4","4.4R2.21",40,1.196,0.0427,1,2.6065,0.0202,"137",0.0156,0.0046,0.0018,5,TRUE,"B5",46
"4.4R2",0.835624736842105,10230.8023761053,"2","4","4","4.4R2.16",38,1.1334,0.026,1,2.1896,0.0112,"107",0.0095,0.0017,8e-04,5,TRUE,"B5",46
"4.4R2",0.835624736842105,10230.8023761053,"2","4","4","4.4R2.25",40,1.1145,0.0579,1,2.8116,0.0288,"141",0.0228,0.006,0.0021,5,TRUE,"B5",46
"4.4R2",0.835624736842105,10230.8023761053,"2","4","4","4.4R2.26",40,1.1274,0.0487,1,2.5877,0.0224,"142",0.0155,0.007,0.0027,5,TRUE,"B5",46
"4.4R2",0.835624736842105,10230.8023761053,"2","4","4","4.4R2.24",40,1.1541,0.0355,1,2.4242,0.0164,"140",0.0112,0.0051,0.0021,5,TRUE,"B5",46
"4.4R2",0.835624736842105,10230.8023761053,"2","4","4","4.4R2.13",36,1.1337,0.0381,1,2.2599,0.0126,"56",0.0155,-0.0029,NA,5,TRUE,"B5",46
"4.4R2",0.835624736842105,10230.8023761053,"2","4","4","4.4R2.7",34,1.2239,0.0439,1,NA,0.0238,"18",NA,NA,NA,5,TRUE,"B5",46
"4.4R2",0.835624736842105,10230.8023761053,"2","4","4","4.4R2.3",33,1.1046,0.0402,1,2.4649,0.0198,"11",NA,NA,NA,5,TRUE,"B5",46
"4.4R2",0.835624736842105,10230.8023761053,"2","4","4","4.4R2.5",33,1.1083,0.038,1,2.1611,0.017,"13",NA,NA,NA,5,TRUE,"B5",46
"4.4R2",0.835624736842105,10230.8023761053,"2","4","4","4.4R2.6",33,1.1415,0.0485,1,2.2781,0.0263,"14",NA,NA,NA,5,TRUE,"B5",46
"4.4R2",0.835624736842105,10230.8023761053,"2","4","4","4.4R2.11",35,1.0893,0.0341,1,2.3468,0.017,"44",0.0148,0.0022,9e-04,5,TRUE,"B5",46
"4.4R2",0.835624736842105,10230.8023761053,"2","4","4","4.4R2.19",40,1.1624,0.0448,1,2.6164,0.0229,"135",0.0192,0.0037,0.0014,5,TRUE,"B5",46
"4.4R2",0.835624736842105,10230.8023761053,"2","4","4","4.4R2.15",38,1.1484,0.0241,1,2.261,0.0097,"106",0.0084,0.0013,6e-04,5,TRUE,"B5",46
"4.7R2",0.62374,7030.06345177778,"2","4","7","4.7R2.4",36,1.2728,0.0557,1,2.8408,0.0303,"187",0.0248,0.0056,0.002,5,TRUE,"B1",40
"4.7R2",0.62374,7030.06345177778,"2","4","7","4.7R2.9",37,1.1101,0.0557,1,2.5666,0.033,"223",0.0278,0.0051,0.002,5,TRUE,"B1",40
"4.7R2",0.62374,7030.06345177778,"2","4","7","4.7R2.2",30,1.0246,0.0246,1,1.9863,0.012,"26",0.0098,0.0022,0.0011,5,TRUE,"B1",40
"4.7R2",0.62374,7030.06345177778,"2","4","7","4.7R2.5",36,1.3793,0.05,1,2.6022,0.0275,"188",0.0224,0.0051,0.0019,5,TRUE,"B1",40
"4.7R2",0.62374,7030.06345177778,"2","4","7","4.7R2.7",36,1.2176,0.0555,1,2.7368,0.0287,"190",0.0237,0.0049,0.0018,5,TRUE,"B1",40
"4.7R2",0.62374,7030.06345177778,"2","4","7","4.7R2.1",30,1.1773,0.0361,1,2.3988,0.0165,"25",0.0133,0.0033,0.0014,5,TRUE,"B1",40
"4.7R2",0.62374,7030.06345177778,"2","4","7","4.7R2.6",36,1.2749,0.0442,1,2.3846,0.0233,"189",0.0163,0.0071,0.003,5,TRUE,"B1",40
"4.7R2",0.62374,7030.06345177778,"2","4","7","4.7R2.8",37,1.1718,0.055,1,2.6429,0.0251,"222",0.0192,0.0059,0.0022,5,TRUE,"B1",40
"4.7R2",0.62374,7030.06345177778,"2","4","7","4.7R2.3",31,1.1827,0.0402,1,2.693,0.0183,"39",0.0145,0.0039,0.0014,5,TRUE,"B1",40
"4.9R2",0.532295,5682.26010833333,"2","4","9","4.9R2.4",36,1.3306,0.0359,1,2.2976,0.0159,"202",0.012,0.0039,0.0017,5,TRUE,"B1",45
"4.9R2",0.532295,5682.26010833333,"2","4","9","4.9R2.16",39,1.109,0.0418,1,2.5847,0.022,"283",0.0191,0.0029,0.0011,5,TRUE,"B1",45
"4.9R2",0.532295,5682.26010833333,"2","4","9","4.9R2.11",37,1.1317,0.02,1,2.2838,0.012,"243",0.0107,0.0012,5e-04,5,TRUE,"B1",45
"4.9R2",0.532295,5682.26010833333,"2","4","9","4.9R2.8",36,1.0165,0.0492,1,2.6928,0.0255,"206",0.0146,0.011,0.0041,5,TRUE,"B1",45
"4.9R2",0.532295,5682.26010833333,"2","4","9","4.9R2.3",36,1.2721,0.0405,1,2.2902,0.0161,"201",0.0143,0.0018,8e-04,5,TRUE,"B1",45
"4.9R2",0.532295,5682.26010833333,"2","4","9","4.9R2.15",38,0.1822,0.0377,1,2.3049,0.0207,"269",0.0149,0.0058,0.0025,5,TRUE,"B1",45
"4.9R2",0.532295,5682.26010833333,"2","4","9","4.9R2.2",36,1.2221,0.0419,1,2.3879,0.0235,"200",0.0209,0.0026,0.0011,5,TRUE,"B1",45
"4.9R2",0.532295,5682.26010833333,"2","4","9","4.9R2.7",36,0.0939,0.0324,1,2.91,0.0087,"205",0.0073,0.0014,5e-04,5,TRUE,"B1",45
"4.9R2",0.532295,5682.26010833333,"2","4","9","4.9R2.14",38,0.2182,0.0466,1,2.7537,0.0259,"268",0.0215,0.0044,0.0016,5,TRUE,"B1",45
"4.9R2",0.532295,5682.26010833333,"2","4","9","4.9R2.12",38,0.1553,0.0404,1,2.5162,0.0201,"266",0.0165,0.0036,0.0014,5,TRUE,"B1",45
"4.9R2",0.532295,5682.26010833333,"2","4","9","4.9R2.6",36,1.0787,0.041,1,2.0815,0.02,"204",0.0164,0.0036,0.0017,5,TRUE,"B1",45
"4.9R2",0.532295,5682.26010833333,"2","4","9","4.9R2.5",36,1.1802,0.038,1,2.3032,0.0171,"203",0.0133,0.0038,0.0016,5,TRUE,"B1",45
"4.9R2",0.532295,5682.26010833333,"2","4","9","4.9R2.10",37,1.1687,0.0488,1,1.6924,0.0259,"242",0.0216,0.0043,0.0025,5,TRUE,"B1",45
"4.9R2",0.532295,5682.26010833333,"2","4","9","4.9R2.1",33,1.1779,0.0408,1,2.476,0.0196,"87",0.0139,0.0057,0.0023,5,TRUE,"B1",45
"4.9R2",0.532295,5682.26010833333,"2","4","9","4.9R2.17",40,1.1414,0.0416,1,2.5989,0.0224,"291",0.0195,0.0028,0.0011,5,TRUE,"B1",45
"4.9R2",0.532295,5682.26010833333,"2","4","9","4.9R2.13",38,0.2209,0.0457,1,2.4971,0.0258,"267",0.0219,0.0038,0.0015,5,TRUE,"B1",45
"4.9R2",0.532295,5682.26010833333,"2","4","9","4.9R2.9",37,1.1252,0.0315,1,2.5905,0.016,"241",0.012,0.004,0.0016,5,TRUE,"B1",45
"5.11R2",0.411396,43070.0997235,"2","5","11","5.11R2.3",35,0.1648,0.0418,1,2.3032,0.0249,"350",0.0208,0.0041,0.0018,5,TRUE,"B1",43
"5.11R2",0.411396,43070.0997235,"2","5","11","5.11R2.5",36,0.1537,0.0373,1,2.1494,0.0204,"367",0.017,0.0034,0.0016,5,TRUE,"B1",43
"5.11R2",0.411396,43070.0997235,"2","5","11","5.11R2.4",35,0.1802,0.0382,1,2.2751,0.0205,"351",0.0169,0.0036,0.0016,5,TRUE,"B1",43
"5.11R2",0.411396,43070.0997235,"2","5","11","5.11R2.2",35,0.1441,0.0424,1,2.4756,0.0214,"349",0.0173,0.0041,0.0017,5,TRUE,"B1",43
"5.11R2",0.411396,43070.0997235,"2","5","11","5.11R2.7",39,1.0194,0.0389,1,2.4502,0.0223,"398",0.0188,0.0035,0.0014,5,TRUE,"B1",43
"5.11R2",0.411396,43070.0997235,"2","5","11","5.11R2.1",34,0.1906,0.0421,1,2.4988,0.0222,"339",0.0176,0.0047,0.0019,5,TRUE,"B1",43
"5.11R2",0.411396,43070.0997235,"2","5","11","5.11R2.6",36,0.1771,0.0511,1,2.4109,0.03,"368",0.0247,0.0053,0.0022,5,TRUE,"B1",43
"5.12R2",0.207774074074074,15383.8151482222,"2","5","12","5.12R2.5",34,1.08919,0.03124,NA,3.057384,0.01254,"422",0.01304,-5e-04,-0.000163539,5,NA,"B1",44
"5.12R2",0.207774074074074,15383.8151482222,"2","5","12","5.12R2.3",34,1.01631,0.02697,NA,2.872538,0.01093,"420",0.00973,0.0012,0.000417749,5,NA,"B1",44
"5.12R2",0.207774074074074,15383.8151482222,"2","5","12","5.12R2.1",51,NA,0.0458,1,2.6622,0.0241,"416",0.0197,0.0044,0.0017,5,TRUE,"B1",44
"5.12R2",0.207774074074074,15383.8151482222,"2","5","12","5.12R2.4",34,1.06491,0.02345,NA,2.431178,0.01,"421",0.00935,0.00065,0.00026736,5,NA,"B1",44
"5.12R2",0.207774074074074,15383.8151482222,"2","5","12","5.12R2.2",34,1.17121,0.03931,NA,2.920027,0.01736,"418",0.01081,0.00655,0.00224313,5,NA,"B1",44
"5.1R2",0.378228571428571,37367.4831550476,"2","5","1","5.1R2.10",43,1.0711,0.0387,1,2.5768,0.0175,"271",0.0135,0.004,0.0016,5,TRUE,"B1",42
"5.1R2",0.378228571428571,37367.4831550476,"2","5","1","5.1R2.9",43,1.1837,0.0509,1,2.5899,0.0287,"270",0.024,0.0047,0.0018,5,TRUE,"B1",42
"5.1R2",0.378228571428571,37367.4831550476,"2","5","1","5.1R2.3",40,1.1666,0.0351,1,2.4387,0.0152,"152",0.0116,0.0037,0.0015,5,TRUE,"B1",42
"5.1R2",0.378228571428571,37367.4831550476,"2","5","1","5.1R2.2",40,1.2613,0.0418,1,2.6028,0.0184,"151",0.014,0.0044,0.0017,5,TRUE,"B1",42
"5.1R2",0.378228571428571,37367.4831550476,"2","5","1","5.1R2.4",40,1.2899,0.0301,1,2.2618,0.0124,"153",0.009,0.0034,0.0015,5,TRUE,"B1",42
"5.1R2",0.378228571428571,37367.4831550476,"2","5","1","5.1R2.6",40,1.2108,0.0356,1,2.3302,0.0198,"155",0.0155,0.0042,0.0018,5,TRUE,"B1",42
"5.1R2",0.378228571428571,37367.4831550476,"2","5","1","5.1R2.8",42,1.1991,0.0434,1,2.5772,0.0234,"247",0.0193,0.0041,0.0016,5,TRUE,"B1",42
"5.1R2",0.378228571428571,37367.4831550476,"2","5","1","5.1R2.5",40,0.163,0.05,1,2.5017,0.0283,"154",0.0232,0.0052,0.0021,5,TRUE,"B1",42
"5.1R2",0.378228571428571,37367.4831550476,"2","5","1","5.1R2.1",37,1.1565,0.0292,1,2.1551,0.0148,"88",0.0119,0.0029,0.0014,5,TRUE,"B1",42
"5.1R2",0.378228571428571,37367.4831550476,"2","5","1","5.1R2.7",41,1.3104,0.037,1,2.4743,0.0171,"232",0.0133,0.0038,0.0015,5,TRUE,"B1",42
"5.2R2",0.491246818181818,52985.8561218182,"2","5","2","5.2R2.8",43,0.0684,0.033,1,2.2815,0.0154,"344",0.0111,0.0043,0.0019,4,TRUE,"B5",40
"5.2R2",0.491246818181818,52985.8561218182,"2","5","2","5.2R2.5",40,1.1788,0.0377,1,2.5681,0.0169,"296",0.0112,0.0057,0.0022,4,TRUE,"B5",40
"5.2R2",0.491246818181818,52985.8561218182,"2","5","2","5.2R2.2",39,1.169,0.0421,1,2.5609,0.0219,"272",0.0159,0.0059,0.0023,4,TRUE,"B5",40
"5.2R2",0.491246818181818,52985.8561218182,"2","5","2","5.2R2.3",39,1.1319,0.0456,1,2.6448,0.0242,"273",0.0193,0.0049,0.0018,4,TRUE,"B5",40
"5.2R2",0.491246818181818,52985.8561218182,"2","5","2","5.2R2.11",44,0.1124,0.0399,1,2.5071,0.0184,"356",0.0138,0.0046,0.0018,4,TRUE,"B5",40
"5.2R2",0.491246818181818,52985.8561218182,"2","5","2","5.2R2.10",44,0.1585,0.0388,1,2.5455,0.0193,"355",0.014,0.0053,0.0021,4,TRUE,"B5",40
"5.2R2",0.491246818181818,52985.8561218182,"2","5","2","5.2R2.6",40,1.1837,0.0446,1,2.4233,0.0233,"297",0.0186,0.0046,0.0019,4,TRUE,"B5",40
"5.2R2",0.491246818181818,52985.8561218182,"2","5","2","5.2R2.9",43,0.1646,0.0427,1,2.4975,0.0227,"345",0.0179,0.0048,0.0019,4,TRUE,"B5",40
"5.2R2",0.491246818181818,52985.8561218182,"2","5","2","5.2R2.4",39,1.1125,0.0469,1,2.6928,0.0267,"274",0.0203,0.0063,0.0024,4,TRUE,"B5",40
"5.2R2",0.491246818181818,52985.8561218182,"2","5","2","5.2R2.7",43,0.0967,0.0404,1,2.4476,0.0214,"343",0.0153,0.0061,0.0025,4,TRUE,"B5",40
"5.2R2",0.491246818181818,52985.8561218182,"2","5","2","5.2R2.1",38,1.2445,0.048,1,2.2564,0.0267,"259",0.0218,0.0049,0.0022,4,TRUE,"B5",40
"5.4R2",0.4563045,48624.0168351,"2","5","4","5.4R2.3",36,1.113,0.0388,1,2.6597,0.0188,"109",0.0146,0.0041,0.0016,5,TRUE,"B5",51
"5.4R2",0.4563045,48624.0168351,"2","5","4","5.4R2.10",39,1.2911,0.0445,1,2.2316,0.0201,"240",0.0162,0.004,0.0018,5,TRUE,"B5",51
"5.4R2",0.4563045,48624.0168351,"2","5","4","5.4R2.9",38,1.2641,0.042,1,2.3503,0.0232,"168",0.0214,0.0018,8e-04,5,TRUE,"B5",51
"5.4R2",0.4563045,48624.0168351,"2","5","4","5.4R2.8",38,1.2297,0.0358,1,2.3173,0.0185,"167",0.0152,0.0033,0.0014,5,TRUE,"B5",51
"5.4R2",0.4563045,48624.0168351,"2","5","4","5.4R2.1",34,1.2644,0.0543,1,2.8642,0.0287,"57",0.008,0.0207,0.0072,5,TRUE,"B5",51
"5.4R2",0.4563045,48624.0168351,"2","5","4","5.4R2.5",38,1.0168,0.0321,1,2.2983,0.0144,"164",0.0116,0.0028,0.0012,5,TRUE,"B5",51
"5.4R2",0.4563045,48624.0168351,"2","5","4","5.4R2.2",35,1.078,0.0372,1,2.6656,0.0138,"78",0.0104,0.0034,0.0013,5,TRUE,"B5",51
"5.4R2",0.4563045,48624.0168351,"2","5","4","5.4R2.4",36,1.1708,0.0493,1,2.7476,0.0256,"110",0.0212,0.0043,0.0016,5,TRUE,"B5",51
"5.4R2",0.4563045,48624.0168351,"2","5","4","5.4R2.6",38,1.2635,0.0332,1,2.1661,0.0154,"165",0.013,0.0024,0.0011,5,TRUE,"B5",51
"5.4R2",0.4563045,48624.0168351,"2","5","4","5.4R2.7",38,1.171,0.034,1,2.2688,0.0179,"166",0.0144,0.0035,0.0015,5,TRUE,"B5",51
"5.5R2",0.709547894736842,82144.9315678947,"2","5","5","5.5R2.4",37,1.1305,0.0435,1,2.4281,0.0236,"81",0.0184,0.0052,0.0021,5,TRUE,"B4",43
"5.5R2",0.709547894736842,82144.9315678947,"2","5","5","5.5R2.15",41,1.2067,0.0561,1,2.5366,0.0341,"217",0.0188,0.0153,0.006,5,TRUE,"B4",43
"5.5R2",0.709547894736842,82144.9315678947,"2","5","5","5.5R2.3",37,1.1067,0.0387,1,2.7057,0.0182,"80",0.0115,0.0067,0.0025,5,TRUE,"B4",43
"5.5R2",0.709547894736842,82144.9315678947,"2","5","5","5.5R2.11",40,1.1992,0.0522,1,2.4046,0.0311,"182",0.0255,0.0056,0.0023,5,TRUE,"B4",43
"5.5R2",0.709547894736842,82144.9315678947,"2","5","5","5.5R2.5",37,1.174,0.0354,1,2.7579,0.0147,"82",0.0108,0.0039,0.0014,5,TRUE,"B4",43
"5.5R2",0.709547894736842,82144.9315678947,"2","5","5","5.5R2.1",34,1.111,0.0443,1,2.6331,0.0228,"22",NA,NA,NA,5,TRUE,"B4",43
"5.5R2",0.709547894736842,82144.9315678947,"2","5","5","5.5R2.14",41,1.2125,0.0354,1,2.4907,0.0201,"216",0.0155,0.0046,0.0019,5,TRUE,"B4",43
"5.5R2",0.709547894736842,82144.9315678947,"2","5","5","5.5R2.7",40,1.2247,0.0345,1,2.4586,0.0137,"178",0.0105,0.0032,0.0013,5,TRUE,"B4",43
"5.5R2",0.709547894736842,82144.9315678947,"2","5","5","5.5R2.8",40,0.1344,0.0355,1,2.2677,0.0199,"179",0.0131,0.0068,0.003,5,TRUE,"B4",43
"5.5R2",0.709547894736842,82144.9315678947,"2","5","5","5.5R2.9",40,1.1347,0.0339,1,2.1369,0.0185,"180",0.0147,0.0038,0.0018,5,TRUE,"B4",43
"5.5R2",0.709547894736842,82144.9315678947,"2","5","5","5.5R2.12",40,1.155,0.0482,1,2.5575,0.0232,"183",0.0171,0.0061,0.0024,5,TRUE,"B4",43
"5.5R2",0.709547894736842,82144.9315678947,"2","5","5","5.5R2.6",38,1.2264,0.0577,1,2.5722,0.0336,"120",0.0229,0.0107,0.0042,5,TRUE,"B4",43
"5.5R2",0.709547894736842,82144.9315678947,"2","5","5","5.5R2.13",41,1.3488,0.0515,1,2.1868,0.0253,"215",0.0183,0.007,0.0032,5,TRUE,"B4",43
"5.5R2",0.709547894736842,82144.9315678947,"2","5","5","5.5R2.10",40,1.1656,0.0634,1,2.5491,0.0356,"181",0.0232,0.0124,0.0049,5,TRUE,"B4",43
"5.5R2",0.709547894736842,82144.9315678947,"2","5","5","5.5R2.2",35,0.0631,0.0502,1,2.6267,0.0266,"38",0.0119,0.0148,0.0056,5,TRUE,"B4",43
"5.7R2",0.611318888888889,67415.7410302778,"2","5","7","5.7R2.6",33,1.0954,0.0424,1,2.4012,0.0233,"86",0.0122,0.0111,0.0046,5,TRUE,"B1",41
"5.7R2",0.611318888888889,67415.7410302778,"2","5","7","5.7R2.3",31,1.1186,0.0421,1,2.5172,0.0211,"40",0.017,0.0041,0.0016,5,TRUE,"B1",41
"5.7R2",0.611318888888889,67415.7410302778,"2","5","7","5.7R2.11",36,1.0754,0.0382,1,2.6138,0.0184,"193",0.0152,0.0032,0.0012,5,TRUE,"B1",41
"5.7R2",0.611318888888889,67415.7410302778,"2","5","7","5.7R2.4",31,1.2276,0.0517,1,2.6837,0.0275,"41",0.0224,0.0051,0.0019,5,TRUE,"B1",41
"5.7R2",0.611318888888889,67415.7410302778,"2","5","7","5.7R2.1",30,1.1257,0.0436,1,2.6409,0.0246,"27",0.0216,0.003,0.0011,5,TRUE,"B1",41
"5.7R2",0.611318888888889,67415.7410302778,"2","5","7","5.7R2.15",36,1.2962,0.0473,1,2.394,0.0246,"197",0.0199,0.0047,0.002,5,TRUE,"B1",41
"5.7R2",0.611318888888889,67415.7410302778,"2","5","7","5.7R2.5",33,1.1526,0.0366,1,2.4932,0.0168,"85",0.0196,-0.0028,NA,5,TRUE,"B1",41
"5.7R2",0.611318888888889,67415.7410302778,"2","5","7","5.7R2.14",36,1.3594,0.0395,1,2.6249,0.0173,"196",0.0133,0.004,0.0015,5,TRUE,"B1",41
"5.7R2",0.611318888888889,67415.7410302778,"2","5","7","5.7R2.16",36,0.1046,0.037,1,2.4501,0.0145,"198",0.0113,0.0032,0.0013,5,TRUE,"B1",41
"5.7R2",0.611318888888889,67415.7410302778,"2","5","7","5.7R2.19",37,1.2445,0.0298,1,2.483,0.0149,"225",0.0124,0.0025,0.001,5,TRUE,"B1",41
"5.7R2",0.611318888888889,67415.7410302778,"2","5","7","5.7R2.7",34,1.0799,0.0424,1,2.4942,0.021,"122",0.0173,0.0037,0.0015,5,TRUE,"B1",41
"5.7R2",0.611318888888889,67415.7410302778,"2","5","7","5.7R2.17",36,1.4012,0.0411,1,2.2983,0.0208,"199",0.0155,0.0053,0.0023,5,TRUE,"B1",41
"5.7R2",0.611318888888889,67415.7410302778,"2","5","7","5.7R2.9",36,1.2166,0.0503,1,2.7141,0.0243,"191",0.0159,0.0084,0.0031,5,TRUE,"B1",41
"5.7R2",0.611318888888889,67415.7410302778,"2","5","7","5.7R2.12",36,1.1162,0.0428,1,2.3025,0.0184,"194",0.0118,0.0066,0.0029,5,TRUE,"B1",41
"5.7R2",0.611318888888889,67415.7410302778,"2","5","7","5.7R2.10",36,1.2914,0.0405,1,2.3989,0.0223,"192",0.0158,0.0065,0.0027,5,TRUE,"B1",41
"5.7R2",0.611318888888889,67415.7410302778,"2","5","7","5.7R2.2",30,1.2023,0.0307,1,2.1691,0.0167,"28",0.0144,0.0023,0.0011,5,TRUE,"B1",41
"5.7R2",0.611318888888889,67415.7410302778,"2","5","7","5.7R2.18",37,1.2473,0.0393,1,2.2921,0.0174,"224",0.0133,0.0041,0.0018,5,TRUE,"B1",41
"5.7R2",0.611318888888889,67415.7410302778,"2","5","7","5.7R2.8",34,1.0816,0.0537,1,2.6255,0.0273,"123",0.0167,0.0107,0.0041,5,TRUE,"B1",41
"5.7R2",0.611318888888889,67415.7410302778,"2","5","7","5.7R2.13",36,1.1019,0.0326,1,2.464,0.0142,"195",0.011,0.0033,0.0013,5,TRUE,"B1",41
"5.9R2",0.418829047619048,42601.2723014762,"2","5","9","5.9R2.8",44,0.9919,0.0405,1,2.239,0.0232,"380",0.0192,0.004,0.0018,4,TRUE,"B1",41
"5.9R2",0.418829047619048,42601.2723014762,"2","5","9","5.9R2.6",43,0.1296,0.0352,1,2.4079,0.0175,"377",0.013,0.0045,0.0019,4,TRUE,"B1",41
"5.9R2",0.418829047619048,42601.2723014762,"2","5","9","5.9R2.13",46,1.1665,0.0405,1,2.5791,0.0199,"400",0.0154,0.0045,0.0017,4,TRUE,"B1",41
"5.9R2",0.418829047619048,42601.2723014762,"2","5","9","5.9R2.9",45,1.1636,0.0422,1,2.5691,0.0232,"394",0.0185,0.0047,0.0018,4,TRUE,"B1",41
"5.9R2",0.418829047619048,42601.2723014762,"2","5","9","5.9R2.2",40,0.2081,0.0484,1,2.6051,0.0244,"325",0.0193,0.0052,0.002,4,TRUE,"B1",41
"5.9R2",0.418829047619048,42601.2723014762,"2","5","9","5.9R2.7",43,1.0515,0.0475,1,2.5847,0.0262,"378",0.0194,0.0069,0.0027,4,TRUE,"B1",41
"5.9R2",0.418829047619048,42601.2723014762,"2","5","9","5.9R2.5",41,0.1993,0.052,1,2.564,0.0276,"347",0.022,0.0056,0.0022,4,TRUE,"B1",41
"5.9R2",0.418829047619048,42601.2723014762,"2","5","9","5.9R2.1",39,0.1474,0.0449,1,2.5183,0.0234,"320",0.0186,0.0047,0.0019,4,TRUE,"B1",41
"5.9R2",0.418829047619048,42601.2723014762,"2","5","9","5.9R2.3",40,0.1546,0.0481,1,2.743,0.0254,"326",0.02,0.0055,0.002,4,TRUE,"B1",41
"5.9R2",0.418829047619048,42601.2723014762,"2","5","9","5.9R2.12",45,0.1582,0.0457,1,2.4946,0.0265,"397",0.0217,0.0047,0.0019,4,TRUE,"B1",41
"5.9R2",0.418829047619048,42601.2723014762,"2","5","9","5.9R2.4",40,0.141,0.0509,1,2.7341,0.026,"327",0.0193,0.0067,0.0024,4,TRUE,"B1",41
"5.9R2",0.418829047619048,42601.2723014762,"2","5","9","5.9R2.11",45,1.1374,0.0408,1,2.3879,0.0235,"396",0.0197,0.0037,0.0016,4,TRUE,"B1",41
"5.9R2",0.418829047619048,42601.2723014762,"2","5","9","5.9R2.10",45,1.1595,0.0368,1,2.3761,0.019,"395",0.0154,0.0036,0.0015,4,TRUE,"B1",41
